Trial,Learning Rate,Gamma,Shape Weight,Epsilon Decay,Validation Reward
0,3.595906120388276e-05,0.9502608550113295,0.732576388726635,0.9779319183122606,-514.2699465710127
