Trial,Learning Rate,Gamma,Activation Function,Action Size,Validation Reward
0,0.0014654527516315154,0.7834514859034255,relu,200,-162.03489799999983
1,0.00355305683201347,0.8553793169289597,relu,500,-191.6399659999999
0,0.0048175315025205945,0.9580711957437402,tanh,500,-164.43195799999984
1,0.005371675633490692,0.8094827724992117,tanh,100,-179.88313999999988
2,0.00022638816634033026,0.8904859355155454,relu,500,-179.17989799999984
