Trial,Learning Rate,Gamma,Action Size,Validation Reward
0,0.002695804972652553,0,12,-854.6235000000021
0,0.00037804935547833615,0,12,-993.2757222222224
0,0.0016085144751204685,0,12,-759.9978888888894
